<?xml version="1.0"?>
<Settings component="StartMenu" version="4.4.160">
	<ProgramsStyle value="Inline"/>
	<AllProgramsMetro value="1"/>
	<FoldersFirst value="0"/>
	<OpenPrograms value="1"/>
	<ProgramsMenuDelay value="2147483647"/>
	<RecentPrograms value="None"/>
	<HighlightNew value="0"/>
	<CheckWinUpdates value="0"/>
	<EnableAccessibility value="0"/>
	<SearchBox value="Normal"/>
	<SearchTrack value="0"/>
	<SearchAutoComplete value="0"/>
	<SearchInternet value="0"/>
	<MenuShadow value="0"/>
	<EnableGlass value="0"/>
	<SkinW7 value="Fluent-Metro"/>
	<SkinVariationW7 value=""/>
	<SkinOptionsW7>
		<Line>DARK_MAIN=0</Line>
		<Line>METRO_MAIN=0</Line>
		<Line>LIGHT_MAIN=0</Line>
		<Line>AUTOMODE_MAIN=1</Line>
		<Line>DARK_SUBMENU=0</Line>
		<Line>METRO_SUBMENU=0</Line>
		<Line>LIGHT_SUBMENU=0</Line>
		<Line>AUTOMODE_SUBMENU=1</Line>
		<Line>SUBMENU_SEPARATORS=1</Line>
		<Line>DARK_SEARCH=0</Line>
		<Line>METRO_SEARCH=0</Line>
		<Line>LIGHT_SEARCH=0</Line>
		<Line>AUTOMODE_SEARCH=1</Line>
		<Line>SEARCH_FRAME=0</Line>
		<Line>SEARCH_COLOR=0</Line>
		<Line>SMALL_SEARCH=0</Line>
		<Line>MODERN_SEARCH=1</Line>
		<Line>SEARCH_ITALICS=0</Line>
		<Line>NONE=0</Line>
		<Line>SEPARATOR=0</Line>
		<Line>TWO_TONE=1</Line>
		<Line>CLASSIC_SELECTOR=1</Line>
		<Line>HALF_SELECTOR=0</Line>
		<Line>CURVED_MENUSEL=1</Line>
		<Line>CURVED_SUBMENU=0</Line>
		<Line>SELECTOR_REVEAL=1</Line>
		<Line>TRANSPARENT=0</Line>
		<Line>OPAQUE_SUBMENU=0</Line>
		<Line>OPAQUE_MENU=0</Line>
		<Line>OPAQUE=1</Line>
		<Line>STANDARD=1</Line>
		<Line>SMALL_MAIN2=0</Line>
		<Line>SMALL_ICONS=0</Line>
		<Line>COMPACT_SUBMENU=0</Line>
		<Line>PRESERVE_MAIN2=0</Line>
		<Line>LESS_PADDING=0</Line>
		<Line>EXTRA_PADDING=1</Line>
		<Line>24_PADDING=0</Line>
		<Line>LARGE_PROGRAMS=0</Line>
		<Line>TRANSPARENT_SHUTDOWN=0</Line>
		<Line>OUTLINE_SHUTDOWN=0</Line>
		<Line>BUTTON_SHUTDOWN=1</Line>
		<Line>EXPERIMENTAL_SHUTDOWN=0</Line>
		<Line>LARGE_FONT=0</Line>
		<Line>CONNECTED_BORDER=1</Line>
		<Line>FLOATING_BORDER=0</Line>
		<Line>LARGE_SUBMENU=0</Line>
		<Line>LARGE_LISTS=0</Line>
		<Line>THIN_MAIN2=0</Line>
		<Line>EXPERIMENTAL_MAIN2=1</Line>
		<Line>USER_IMAGE=1</Line>
		<Line>USER_OUTSIDE=0</Line>
		<Line>SCALING_USER=1</Line>
		<Line>56=0</Line>
		<Line>64=0</Line>
		<Line>TRANSPARENT_USER=0</Line>
		<Line>UWP_SCROLLBAR=0</Line>
		<Line>MODERN_SCROLLBAR=1</Line>
		<Line>SMALL_ARROWS=0</Line>
		<Line>ARROW_BACKGROUND=0</Line>
		<Line>ICON_FRAME=0</Line>
		<Line>SEARCH_SEPARATOR=0</Line>
		<Line>NO_PROGRAMS_BUTTON=0</Line>
	</SkinOptionsW7>
	<SkipMetro value="1"/>
	<MenuItems7>
		<Line>Item1.Command=user_files</Line>
		<Line>Item1.Settings=NOEXPAND</Line>
		<Line>Item2.Command=user_documents</Line>
		<Line>Item2.Settings=NOEXPAND</Line>
		<Line>Item3.Command=user_pictures</Line>
		<Line>Item3.Settings=NOEXPAND</Line>
		<Line>Item4.Command=user_music</Line>
		<Line>Item4.Settings=NOEXPAND</Line>
		<Line>Item5.Command=user_videos</Line>
		<Line>Item5.Settings=ITEM_DISABLED</Line>
		<Line>Item6.Command=downloads</Line>
		<Line>Item6.Settings=ITEM_DISABLED</Line>
		<Line>Item7.Command=homegroup</Line>
		<Line>Item7.Settings=ITEM_DISABLED</Line>
		<Line>Item8.Command=separator</Line>
		<Line>Item9.Command=games</Line>
		<Line>Item9.Settings=TRACK_RECENT|NOEXPAND|ITEM_DISABLED</Line>
		<Line>Item10.Command=favorites</Line>
		<Line>Item10.Settings=ITEM_DISABLED</Line>
		<Line>Item11.Command=recent_documents</Line>
		<Line>Item12.Command=computer</Line>
		<Line>Item12.Settings=NOEXPAND</Line>
		<Line>Item13.Command=network</Line>
		<Line>Item13.Settings=ITEM_DISABLED</Line>
		<Line>Item14.Command=network_connections</Line>
		<Line>Item14.Settings=ITEM_DISABLED</Line>
		<Line>Item15.Command=separator</Line>
		<Line>Item16.Command=control_panel</Line>
		<Line>Item16.Settings=TRACK_RECENT</Line>
		<Line>Item17.Command=pc_settings</Line>
		<Line>Item17.Settings=TRACK_RECENT</Line>
		<Line>Item18.Command=admin</Line>
		<Line>Item18.Settings=TRACK_RECENT|ITEM_DISABLED</Line>
		<Line>Item19.Command=devices</Line>
		<Line>Item19.Settings=ITEM_DISABLED</Line>
		<Line>Item20.Command=defaults</Line>
		<Line>Item21.Command=help</Line>
		<Line>Item21.Settings=ITEM_DISABLED</Line>
		<Line>Item22.Command=run</Line>
		<Line>Item23.Command=apps</Line>
		<Line>Item23.Settings=ITEM_DISABLED</Line>
		<Line>Item24.Command=windows_security</Line>
	</MenuItems7>
</Settings>
